,house id,number of crimes,Assault,Breaking & Entering,Drugs,Property Crime,Robbery,Theft,Theft from Vehicle,Theft of Vehicle
0,7129300520,408,32.0,131.0,11.0,85.0,6.0,39.0,54.0,50.0
1,6414100192,15,1.0,2.0,5.0,2.0,,2.0,3.0,
2,5631500400,121,10.0,20.0,7.0,36.0,1.0,21.0,21.0,5.0
3,2487200875,2,,,,2.0,,,,
4,1954400510,0,,,,,,,,
5,7237550310,74,4.0,21.0,1.0,24.0,,9.0,13.0,2.0
6,1321400060,3,,,,,,2.0,1.0,
7,2008000270,2,,,1.0,1.0,,,,
8,2414600126,4738,435.0,739.0,193.0,1230.0,150.0,801.0,531.0,659.0
9,3793500160,54,5.0,20.0,2.0,9.0,,11.0,7.0,
10,1736800520,1,,,,,,,,1.0
11,9212900260,0,,,,,,,,
12,114101516,103,11.0,23.0,3.0,22.0,1.0,14.0,22.0,7.0
13,6054650070,1,,,,1.0,,,,
14,1175000570,0,,,,,,,,
15,9297300055,9,1.0,,,3.0,,1.0,1.0,3.0
16,1875500060,24,1.0,8.0,,8.0,,4.0,3.0,
17,6865200140,4,,1.0,,2.0,,,1.0,
18,16000397,50,5.0,13.0,2.0,10.0,,8.0,9.0,3.0
19,7983200060,289,20.0,78.0,2.0,72.0,2.0,32.0,58.0,25.0
20,6300500875,17,1.0,1.0,5.0,,2.0,3.0,4.0,1.0
21,2524049179,0,,,,,,,,
22,7137970340,39,3.0,15.0,2.0,3.0,,8.0,2.0,6.0
23,8091400200,5,,2.0,1.0,,,2.0,,
24,3814700200,9,,4.0,1.0,2.0,,2.0,,
25,1202000200,53,5.0,14.0,2.0,10.0,,8.0,11.0,3.0
26,1794500383,0,,,,,,,,
27,3303700376,10,,3.0,1.0,2.0,,2.0,1.0,1.0
28,5101402488,38,5.0,1.0,8.0,3.0,10.0,7.0,3.0,1.0
29,1873100390,128,7.0,15.0,2.0,54.0,2.0,13.0,29.0,6.0
30,8562750320,22,2.0,4.0,1.0,5.0,,2.0,7.0,1.0
31,2426039314,0,,,,,,,,
32,461000390,2,,2.0,,,,,,
33,7589200193,13,2.0,2.0,,1.0,1.0,1.0,2.0,4.0
34,7955080270,645,43.0,158.0,22.0,160.0,4.0,88.0,140.0,30.0
35,9547205180,1,1.0,,,,,,,
36,9435300030,77,5.0,8.0,,12.0,,11.0,41.0,
37,2768000400,4,,1.0,,2.0,,,1.0,
38,7895500070,1271,100.0,326.0,26.0,310.0,13.0,152.0,235.0,109.0
39,2078500320,44,5.0,8.0,,6.0,,4.0,18.0,3.0
40,5547700270,8,,,,5.0,,1.0,2.0,
41,7766200013,52,5.0,16.0,,15.0,1.0,3.0,3.0,9.0
42,7203220400,111,6.0,26.0,2.0,36.0,,16.0,23.0,2.0
43,9270200160,0,,,,,,,,
44,1432701230,494,33.0,110.0,9.0,114.0,6.0,81.0,90.0,51.0
45,8035350320,17,,2.0,,4.0,,4.0,4.0,3.0
46,8945200830,10,,2.0,,,,3.0,3.0,2.0
47,4178300310,0,,,,,,,,
48,9215400105,1,1.0,,,,,,,
49,822039084,61,5.0,27.0,2.0,13.0,,10.0,2.0,2.0
50,5245600105,1,,,,1.0,,,,
51,7231300125,12,2.0,4.0,,1.0,,,4.0,1.0
52,7518505990,1,,1.0,,,,,,
53,3626039271,20,2.0,1.0,3.0,1.0,2.0,4.0,3.0,4.0
54,4217401195,2,,,,,,,,2.0
55,9822700295,4,,,,1.0,,1.0,,2.0
56,9478500640,57,4.0,23.0,3.0,11.0,,7.0,6.0,3.0
57,2799800710,28,1.0,11.0,1.0,4.0,,5.0,4.0,2.0
58,7922800400,1,,1.0,,,,,,
59,8079040320,103,9.0,29.0,,32.0,2.0,11.0,16.0,4.0
60,1516000055,32,3.0,14.0,,11.0,,1.0,1.0,2.0
61,9558200045,43,4.0,15.0,,14.0,,1.0,1.0,8.0
62,5072410070,52,5.0,16.0,,15.0,1.0,3.0,3.0,9.0
63,9528102996,1,1.0,,,,,,,
64,1189001180,21,3.0,4.0,2.0,4.0,2.0,4.0,,2.0
65,3253500160,4,1.0,,1.0,,,2.0,,
66,3394100030,0,,,,,,,,
67,3717000160,344,18.0,74.0,6.0,94.0,4.0,40.0,77.0,31.0
68,1274500060,61,4.0,24.0,3.0,11.0,,6.0,8.0,5.0
69,1802000060,1,,,,,,,1.0,
70,1525059190,2,1.0,,,,,1.0,,
71,1049000060,553,61.0,81.0,19.0,141.0,5.0,94.0,134.0,18.0
72,8820901275,3,,1.0,,,,1.0,1.0,
73,5416510140,50,5.0,18.0,2.0,9.0,,10.0,6.0,
74,3444100400,313,12.0,119.0,5.0,84.0,,42.0,40.0,11.0
75,3276920270,243,12.0,33.0,14.0,63.0,,31.0,83.0,7.0
76,4036801170,1,,1.0,,,,,,
77,2391600320,8,1.0,,,3.0,,,1.0,3.0
78,6300000287,23,1.0,1.0,6.0,2.0,3.0,4.0,5.0,1.0
79,1531000030,9,1.0,2.0,2.0,1.0,,,1.0,2.0
80,5104520400,24,5.0,3.0,2.0,3.0,,4.0,3.0,4.0
81,7437100340,18,1.0,6.0,2.0,3.0,,2.0,3.0,1.0
82,9418400240,24,2.0,5.0,3.0,5.0,,5.0,,4.0
83,1523059105,249,9.0,63.0,3.0,52.0,2.0,31.0,64.0,25.0
84,1133000671,2,,,,1.0,,,1.0,
85,4232902595,0,,,,,,,,
86,2599001200,48,1.0,5.0,6.0,11.0,1.0,5.0,14.0,5.0
87,3342103156,4,,2.0,,,,1.0,,1.0
88,1332700270,19,1.0,5.0,,1.0,,3.0,6.0,3.0
89,3869900162,0,,,,,,,,
90,2791500270,12,,1.0,,,,4.0,5.0,2.0
91,5036300431,2,,2.0,,,,,,
92,4168000060,4,,,,3.0,,1.0,,
93,6021501535,1,,1.0,,,,,,
94,6021501535,1,,1.0,,,,,,
95,1483300570,0,,,,,,,,
96,3422049190,537,30.0,145.0,4.0,121.0,6.0,62.0,126.0,43.0
97,1099611230,10,,2.0,,,,3.0,3.0,2.0
98,722079104,66,8.0,17.0,3.0,19.0,1.0,11.0,3.0,4.0
99,7338200240,82,1.0,13.0,1.0,23.0,,11.0,30.0,3.0
100,1952200240,4,,1.0,1.0,1.0,,,,1.0
101,5200100125,2,,2.0,,,,,,
102,7214720075,152,9.0,57.0,1.0,40.0,,12.0,31.0,2.0
103,2450000295,0,,,,,,,,
104,6197800045,230,18.0,42.0,17.0,63.0,2.0,33.0,48.0,7.0
105,1328310370,1342,86.0,280.0,31.0,355.0,20.0,180.0,257.0,133.0
106,546000875,6,2.0,1.0,,,1.0,1.0,,1.0
107,3530510041,1,,,,1.0,,,,
108,1853000400,292,6.0,77.0,5.0,81.0,,25.0,84.0,14.0
109,3134100116,3,,,1.0,1.0,,1.0,,
110,9545230140,15,,2.0,,2.0,,2.0,8.0,1.0
111,3362400511,1,,1.0,,,,,,
112,2525310310,55,5.0,20.0,2.0,10.0,,11.0,7.0,
113,6126500060,27,2.0,6.0,3.0,6.0,,6.0,,4.0
114,8961960160,33,4.0,12.0,,7.0,,2.0,5.0,3.0
115,3626039325,21,2.0,2.0,3.0,1.0,2.0,4.0,3.0,4.0
116,3362400431,1,,1.0,,,,,,
117,4060000240,2243,234.0,615.0,64.0,593.0,67.0,224.0,212.0,234.0
118,3454800060,261,30.0,60.0,4.0,55.0,1.0,28.0,40.0,43.0
119,1695900060,4,,2.0,,,,,,2.0
120,7278700070,1,,,,,,,1.0,
121,6675500070,313,20.0,44.0,16.0,82.0,5.0,62.0,75.0,9.0
122,3626039187,25,2.0,2.0,3.0,2.0,3.0,5.0,4.0,4.0
123,3524049083,32,7.0,1.0,10.0,3.0,4.0,4.0,3.0,
124,3275860240,42,4.0,8.0,,12.0,,9.0,8.0,1.0
125,4389200955,4,1.0,1.0,2.0,,,,,
126,4058801670,1123,89.0,314.0,36.0,308.0,20.0,110.0,128.0,118.0
127,8732020310,7,1.0,3.0,1.0,,,,,2.0
128,2331300505,1,,1.0,,,,,,
129,7853210060,116,16.0,14.0,9.0,31.0,,25.0,15.0,6.0
130,3668000070,108,35.0,20.0,14.0,19.0,,12.0,4.0,4.0
131,9545240070,9,,2.0,,2.0,,1.0,3.0,1.0
132,1243100136,118,8.0,32.0,,36.0,,12.0,28.0,2.0
133,8929000270,116,6.0,12.0,10.0,33.0,3.0,31.0,19.0,2.0
134,2767602356,0,,,,,,,,
135,921049315,571,46.0,153.0,11.0,128.0,6.0,78.0,104.0,45.0
136,3655000070,604,44.0,166.0,10.0,143.0,5.0,73.0,107.0,56.0
137,4027700812,2,,,,,,,2.0,
138,3992700335,2,,,,,,1.0,1.0,
139,2767603505,0,,,,,,,,
140,4232901525,0,,,,,,,,
141,1777500060,159,9.0,42.0,1.0,37.0,1.0,17.0,45.0,7.0
142,1432900240,576,15.0,95.0,18.0,116.0,7.0,190.0,90.0,45.0
143,6140100875,12,,,3.0,1.0,2.0,4.0,2.0,
144,6071600370,7,3.0,,,1.0,,1.0,2.0,
145,1526069017,91,8.0,28.0,2.0,29.0,1.0,7.0,15.0,1.0
146,809001525,1,,,,1.0,,,,
147,3224079105,151,5.0,25.0,5.0,35.0,1.0,19.0,52.0,9.0
148,8075400570,90,4.0,48.0,2.0,12.0,,13.0,6.0,5.0
149,1994200024,1,,1.0,,,,,,
150,3362900810,1,,1.0,,,,,,
151,1324300398,4,,1.0,,2.0,,,1.0,
152,537000445,242,17.0,74.0,2.0,48.0,1.0,35.0,47.0,18.0
153,7855801670,46,4.0,14.0,,11.0,,7.0,7.0,3.0
154,7920100045,1,1.0,,,,,,,
155,8960000030,387,30.0,103.0,6.0,100.0,1.0,33.0,69.0,45.0
156,6388930390,72,3.0,19.0,,12.0,,9.0,25.0,4.0
157,8731900200,12,,2.0,,1.0,,4.0,3.0,2.0
158,8029200135,95,8.0,25.0,6.0,16.0,2.0,10.0,18.0,10.0
159,1081200350,519,25.0,153.0,25.0,108.0,3.0,85.0,96.0,24.0
160,84000105,328,22.0,68.0,27.0,73.0,8.0,41.0,48.0,41.0
161,3756500060,279,17.0,35.0,16.0,85.0,7.0,62.0,37.0,20.0
162,7215720160,0,,,,,,,,
163,3574800520,274,20.0,35.0,14.0,69.0,4.0,61.0,62.0,9.0
164,2617300160,137,7.0,63.0,1.0,24.0,,21.0,14.0,7.0
165,2558660270,347,38.0,60.0,12.0,105.0,2.0,68.0,48.0,14.0
166,2009000370,2,,,1.0,1.0,,,,
167,1836980160,139,8.0,38.0,1.0,28.0,,14.0,44.0,6.0
168,3261020370,107,3.0,25.0,1.0,28.0,1.0,7.0,41.0,1.0
169,1755700060,1,,,,1.0,,,,
170,4330600435,22,1.0,1.0,,6.0,1.0,3.0,7.0,3.0
171,9542800700,11,,2.0,,,,3.0,3.0,3.0
172,1999700045,1,,,,1.0,,,,
173,1762600070,1,,,,,,,,1.0
174,1687900520,114,6.0,31.0,1.0,25.0,,9.0,38.0,4.0
175,7234600798,29,4.0,4.0,3.0,6.0,3.0,5.0,,4.0
176,3881900445,8,1.0,2.0,1.0,,,1.0,,3.0
177,2254502445,26,4.0,4.0,2.0,5.0,3.0,4.0,,4.0
178,5437810320,42,3.0,13.0,7.0,5.0,,4.0,9.0,1.0
179,9158100075,9,,,2.0,1.0,2.0,2.0,2.0,
180,3830630310,5,,,1.0,1.0,,3.0,,
181,8123100045,3,2.0,,,,,1.0,,
182,3127200041,27,3.0,3.0,,7.0,1.0,3.0,5.0,5.0
183,6661200320,128,12.0,40.0,4.0,38.0,2.0,11.0,14.0,7.0
184,11510310,52,4.0,10.0,,19.0,,8.0,8.0,3.0
185,825059270,1,,,,,,,,1.0
186,8731951370,11,1.0,2.0,,,,3.0,3.0,2.0
187,1954440060,1,,,,,,1.0,,
188,2264500350,4,,1.0,,2.0,,,1.0,
189,1115810060,5,1.0,1.0,,1.0,,1.0,1.0,
190,9477200200,619,59.0,92.0,23.0,150.0,10.0,120.0,133.0,32.0
191,1432600560,40,3.0,8.0,1.0,10.0,,5.0,11.0,2.0
192,2287000060,0,,,,,,,,
193,3663500060,1,,,,1.0,,,,
194,3996900125,1,,,,,,,1.0,
195,7796450200,3,,,,,,1.0,2.0,
196,7549802535,45,3.0,6.0,5.0,15.0,,8.0,3.0,5.0
197,3278600320,1,1.0,,,,,,,
198,2824079053,42,2.0,14.0,1.0,11.0,,5.0,8.0,1.0
199,1222069094,107,3.0,52.0,1.0,21.0,1.0,18.0,7.0,4.0
200,3542300060,49,4.0,15.0,,9.0,,7.0,12.0,2.0
201,2222059065,22,1.0,9.0,1.0,6.0,,5.0,,
202,7551300060,0,,,,,,,,
203,100600550,11,,2.0,,,,3.0,3.0,3.0
204,3211100860,189,9.0,41.0,3.0,45.0,1.0,23.0,48.0,19.0
205,3456000310,0,,,,,,,,
206,9526600140,118,4.0,13.0,4.0,52.0,1.0,12.0,28.0,4.0
207,7465900060,9,1.0,,,3.0,,1.0,1.0,3.0
208,1222000055,34,3.0,2.0,2.0,7.0,,3.0,8.0,9.0
209,6300000550,20,1.0,1.0,6.0,2.0,2.0,3.0,5.0,
210,2310030510,108,9.0,40.0,3.0,18.0,,20.0,15.0,3.0
211,1025049114,2,,,,,,,,2.0
212,8677300550,19,2.0,1.0,1.0,8.0,,3.0,4.0,
213,4014400292,500,39.0,134.0,12.0,112.0,3.0,72.0,81.0,47.0
214,1102000196,8,2.0,,3.0,,,2.0,,1.0
215,257000138,41,5.0,14.0,2.0,8.0,,3.0,6.0,3.0
216,46100204,0,,,,,,,,
217,1909600046,841,53.0,146.0,17.0,199.0,15.0,216.0,124.0,71.0
218,1250202145,8,2.0,3.0,,,1.0,1.0,,1.0
219,7611200125,12,,,3.0,1.0,2.0,4.0,2.0,
220,5611500140,131,4.0,19.0,9.0,50.0,1.0,18.0,29.0,1.0
221,7138000260,75,4.0,39.0,3.0,9.0,,11.0,4.0,5.0
222,626059335,130,12.0,27.0,3.0,36.0,2.0,13.0,33.0,4.0
223,1922059282,27,3.0,5.0,1.0,8.0,1.0,6.0,3.0,
224,705700390,128,13.0,36.0,4.0,32.0,2.0,17.0,16.0,8.0
225,7454001200,2920,242.0,326.0,125.0,824.0,113.0,721.0,275.0,294.0
226,8682281200,159,6.0,19.0,2.0,51.0,,38.0,41.0,2.0
227,7972000200,11,,1.0,,,,4.0,4.0,2.0
228,722059070,86,6.0,16.0,2.0,11.0,1.0,16.0,22.0,12.0
229,7202340400,171,10.0,37.0,4.0,57.0,1.0,17.0,39.0,6.0
230,8096000060,3,,,,1.0,1.0,,1.0,
231,2424000060,82,4.0,22.0,,15.0,1.0,11.0,26.0,3.0
232,9264902050,1,,,,,,,1.0,
233,943100260,284,26.0,46.0,8.0,87.0,,48.0,56.0,13.0
234,3677400445,32,3.0,4.0,6.0,10.0,,3.0,1.0,5.0
235,1762600320,1,,,,,,,,1.0
236,4058000060,40,2.0,12.0,,6.0,,9.0,8.0,3.0
237,7228500560,22,4.0,4.0,2.0,4.0,2.0,4.0,,2.0
238,326069104,93,10.0,34.0,1.0,26.0,1.0,10.0,10.0,1.0
239,5152100060,18,,5.0,,1.0,1.0,1.0,6.0,4.0
240,3584000310,17,,1.0,,5.0,,6.0,3.0,2.0
241,8150100045,287,14.0,5.0,6.0,70.0,10.0,154.0,19.0,9.0
242,1868901275,3,1.0,,,,,,,2.0
243,6131600075,3,1.0,,,1.0,,,,1.0
244,9468200125,1,,1.0,,,,,,
245,8029510030,3,,2.0,,,,,,1.0
246,2025069065,4,,1.0,1.0,,,,2.0,
247,7899800890,2933,253.0,314.0,126.0,844.0,114.0,737.0,246.0,299.0
248,3021059276,27,4.0,2.0,,9.0,,5.0,6.0,1.0
249,3797001895,1,,1.0,,,,,,
250,3832710960,190,8.0,53.0,2.0,33.0,3.0,20.0,49.0,22.0
251,1310430400,295,7.0,90.0,9.0,77.0,5.0,41.0,50.0,16.0
252,1422300030,66,5.0,16.0,5.0,12.0,,7.0,21.0,
253,1105000588,6,2.0,,1.0,,,2.0,,1.0
254,3830630060,5,,,1.0,1.0,,3.0,,
255,5101404898,45,5.0,3.0,12.0,3.0,10.0,7.0,4.0,1.0
256,7972601890,1146,127.0,98.0,68.0,340.0,56.0,291.0,74.0,92.0
257,5127001620,300,14.0,79.0,4.0,63.0,2.0,38.0,74.0,26.0
258,9407100800,175,13.0,25.0,1.0,54.0,,20.0,55.0,7.0
259,1873100060,97,7.0,10.0,2.0,39.0,,12.0,23.0,4.0
260,8722101360,2,,1.0,,,,,,1.0
261,8644000060,6,,2.0,,,,1.0,3.0,
262,3325069129,0,,,,,,,,
263,1400300055,19,4.0,3.0,2.0,3.0,2.0,2.0,,3.0
264,2123039032,21,4.0,5.0,,4.0,,4.0,3.0,1.0
265,8078560140,143,8.0,29.0,3.0,44.0,1.0,10.0,39.0,9.0
266,3438500192,1,1.0,,,,,,,
267,7974200510,0,,,,,,,,
268,2557000400,11,,2.0,,,,3.0,3.0,3.0
269,7960900060,1,,,,,,,1.0,
270,4054500390,140,5.0,36.0,3.0,53.0,,19.0,22.0,2.0
271,6378500125,18,,,3.0,2.0,2.0,4.0,4.0,3.0
272,1745100140,8,,2.0,,1.0,,3.0,1.0,1.0
273,2976800796,1178,112.0,325.0,41.0,334.0,30.0,104.0,109.0,123.0
274,4235400186,2,,2.0,,,,,,
275,4215100060,250,16.0,76.0,3.0,64.0,1.0,22.0,51.0,17.0
276,9189700045,237,10.0,55.0,1.0,61.0,,35.0,59.0,16.0
277,1126049053,3,,1.0,,,,,2.0,
278,2022069200,187,29.0,54.0,5.0,43.0,1.0,31.0,18.0,6.0
279,9412900055,30,7.0,,9.0,3.0,4.0,4.0,2.0,1.0
280,1722059235,58,6.0,18.0,2.0,9.0,1.0,9.0,7.0,6.0
281,6874200960,248,21.0,77.0,7.0,69.0,9.0,13.0,17.0,35.0
282,7424700045,3,,1.0,,,,1.0,,1.0
283,7202360350,152,6.0,36.0,2.0,52.0,1.0,17.0,33.0,5.0
284,5634500392,85,6.0,20.0,1.0,20.0,1.0,10.0,21.0,6.0
285,1509500060,22,1.0,7.0,1.0,7.0,,5.0,1.0,
286,7214810350,123,3.0,42.0,5.0,26.0,,19.0,25.0,3.0
287,6647200060,334,25.0,42.0,16.0,100.0,9.0,66.0,54.0,22.0
288,9552700140,8,,4.0,,1.0,,,3.0,
289,2200500350,183,15.0,42.0,1.0,42.0,1.0,25.0,47.0,10.0
290,6113400046,27,3.0,12.0,,9.0,,1.0,,2.0
291,6619910140,242,15.0,45.0,9.0,57.0,7.0,28.0,74.0,7.0
292,1115450240,153,12.0,33.0,4.0,35.0,1.0,16.0,32.0,20.0
293,6073240060,17,4.0,3.0,1.0,1.0,,3.0,4.0,1.0
294,9297300045,9,1.0,,,3.0,,1.0,1.0,3.0
295,9510920070,1,,,1.0,,,,,
296,5468730030,55,2.0,28.0,4.0,8.0,,7.0,2.0,4.0
297,8079030390,121,10.0,39.0,,35.0,2.0,14.0,17.0,4.0
298,600000152,30,3.0,5.0,4.0,9.0,,3.0,1.0,5.0
299,1840000030,3,,,,1.0,,1.0,,1.0
300,3225069065,0,,,,,,,,
301,3260800030,435,28.0,121.0,5.0,100.0,4.0,56.0,75.0,46.0
302,2747100024,5,2.0,1.0,,,,1.0,,1.0
303,5104530560,42,5.0,6.0,,10.0,,9.0,7.0,5.0
304,4330600350,23,1.0,1.0,1.0,6.0,1.0,3.0,7.0,3.0
305,5016001535,3,,1.0,,,,1.0,,1.0
306,7280300196,1,,,,,,,1.0,
307,8651520400,38,3.0,14.0,,10.0,,2.0,6.0,3.0
308,7171200445,5,1.0,,,,1.0,,,3.0
309,3204800200,17,4.0,3.0,1.0,1.0,,4.0,3.0,1.0
310,3416600800,19,4.0,4.0,2.0,2.0,2.0,2.0,,3.0
311,7994700030,234,29.0,20.0,16.0,62.0,1.0,51.0,43.0,12.0
312,1860600135,0,,,,,,,,
313,4139480200,41,2.0,11.0,1.0,8.0,,1.0,18.0,
314,4139480200,41,2.0,11.0,1.0,8.0,,1.0,18.0,
315,1328320800,926,57.0,208.0,21.0,247.0,8.0,110.0,182.0,93.0
316,7771300125,1,,,,1.0,,,,
317,3422059208,38,2.0,19.0,3.0,4.0,,6.0,1.0,3.0
318,9521101455,4,,1.0,,2.0,,,1.0,
319,4337000335,20,,1.0,1.0,5.0,1.0,4.0,6.0,2.0
320,325059286,3,,1.0,,,,1.0,1.0,
321,2597650240,19,,5.0,,3.0,,1.0,10.0,
322,3353400435,37,,16.0,1.0,5.0,,7.0,4.0,4.0
323,7972000240,12,,1.0,,,,4.0,4.0,3.0
324,7520000520,1953,180.0,293.0,83.0,495.0,55.0,270.0,244.0,333.0
325,7520000520,1953,180.0,293.0,83.0,495.0,55.0,270.0,244.0,333.0
326,3530210260,188,9.0,67.0,3.0,49.0,,17.0,38.0,5.0
327,1959700550,4,,1.0,1.0,1.0,,,,1.0
328,1665400045,18,1.0,1.0,,3.0,,4.0,6.0,3.0
329,9542850320,0,,,,,,,,
330,3179100060,2,,,,,,,,2.0
331,2946001550,1,,,,1.0,,,,
332,8078490390,37,2.0,15.0,3.0,8.0,1.0,6.0,1.0,1.0
333,9550201550,4,1.0,,,,1.0,,,2.0
334,191100045,0,,,,,,,,
335,5009600070,190,12.0,71.0,3.0,44.0,,30.0,23.0,7.0
336,200350070,49,3.0,11.0,2.0,12.0,,7.0,13.0,1.0
337,2877103726,1,,1.0,,,,,,
338,405100295,1,,,,1.0,,,,
339,4268200055,1087,86.0,334.0,28.0,243.0,24.0,133.0,137.0,102.0
340,3126069068,70,6.0,13.0,,18.0,,11.0,19.0,3.0
341,1115300070,80,2.0,22.0,,18.0,1.0,7.0,25.0,5.0
342,6414100671,11,1.0,1.0,4.0,2.0,,1.0,2.0,
343,7004200060,42,2.0,19.0,2.0,10.0,,5.0,3.0,1.0
344,7852110140,18,4.0,4.0,,5.0,,3.0,2.0,
345,3969300030,2879,336.0,768.0,104.0,770.0,87.0,287.0,248.0,279.0
346,3969300030,2879,336.0,768.0,104.0,770.0,87.0,287.0,248.0,279.0
347,4048400070,269,16.0,85.0,2.0,59.0,,29.0,61.0,17.0
348,808000070,8,,5.0,1.0,1.0,,1.0,,
349,7374200030,1,,,,1.0,,,,
350,7325600160,12,1.0,2.0,,8.0,,,1.0,
351,2757000030,0,,,,,,,,
352,616000140,0,,,,,,,,
353,3363900111,1,,1.0,,,,,,
354,9262800171,247,21.0,55.0,6.0,60.0,3.0,45.0,34.0,23.0
355,6607000126,9,2.0,,3.0,,,2.0,,2.0
356,5416510830,55,6.0,20.0,2.0,10.0,,11.0,6.0,
357,2201500030,185,14.0,45.0,1.0,42.0,1.0,25.0,47.0,10.0
358,325059171,20,1.0,9.0,,6.0,1.0,1.0,2.0,
359,952003285,9,1.0,,,3.0,,1.0,1.0,3.0
360,3211290370,124,3.0,48.0,,45.0,,14.0,13.0,1.0
361,1072010350,383,22.0,105.0,4.0,84.0,2.0,47.0,90.0,29.0
362,8856950070,124,15.0,31.0,4.0,35.0,2.0,15.0,15.0,7.0
363,925059078,3,,1.0,,1.0,,,1.0,
364,7855801090,66,8.0,14.0,,17.0,,12.0,12.0,3.0
365,723099065,79,1.0,11.0,1.0,23.0,,11.0,30.0,2.0
366,6116500075,21,2.0,2.0,,4.0,1.0,2.0,3.0,7.0
367,1118500030,63,2.0,16.0,2.0,12.0,2.0,14.0,14.0,1.0
368,424069250,2,,1.0,,1.0,,,,
369,3291800710,24,3.0,7.0,,4.0,,4.0,5.0,1.0
370,6838700060,44,4.0,11.0,,8.0,,8.0,11.0,2.0
371,2231500030,0,,,,,,,,
372,2231500030,0,,,,,,,,
373,7683900200,3,,,,,,1.0,2.0,
374,8155830060,14,3.0,3.0,,3.0,,2.0,3.0,
375,98020310,61,1.0,15.0,4.0,7.0,,6.0,26.0,2.0
376,9423400140,16,3.0,2.0,3.0,1.0,3.0,2.0,2.0,
377,1545804860,46,4.0,14.0,3.0,7.0,,11.0,7.0,
378,2883200160,1,1.0,,,,,,,
379,7132300695,26,5.0,3.0,3.0,3.0,3.0,3.0,,6.0
380,1726059053,369,37.0,59.0,14.0,86.0,3.0,38.0,115.0,17.0
381,624111000,135,3.0,33.0,3.0,43.0,1.0,24.0,24.0,4.0
382,808300310,23,1.0,8.0,,7.0,,4.0,3.0,
383,8563040160,1,,1.0,,,,,,
384,713500030,19,3.0,6.0,,4.0,,2.0,4.0,
385,8651600160,0,,,,,,,,
386,9517200030,107,4.0,37.0,3.0,22.0,,17.0,21.0,3.0
387,2460700700,249,13.0,59.0,3.0,58.0,,39.0,58.0,19.0
388,1223039290,1670,148.0,233.0,70.0,448.0,50.0,260.0,194.0,267.0
389,2890100060,1,,,,,,,1.0,
390,7972600860,1117,122.0,100.0,68.0,326.0,54.0,289.0,77.0,81.0
391,8857320070,1,,1.0,,,,,,
392,4047200695,26,,8.0,,6.0,,4.0,7.0,1.0
393,1653500070,1,,,,,,,1.0,
394,1923000030,0,,,,,,,,
395,3649100320,72,6.0,8.0,3.0,21.0,1.0,17.0,13.0,3.0
396,7375300160,1,,1.0,,,,,,
397,5175800060,164,9.0,43.0,1.0,38.0,1.0,17.0,47.0,8.0
398,1604601375,7,,2.0,2.0,1.0,,1.0,,1.0
399,2473251090,1413,84.0,230.0,42.0,328.0,25.0,340.0,234.0,130.0
400,9126100861,25,4.0,4.0,2.0,5.0,3.0,3.0,,4.0
401,3420069065,39,2.0,14.0,2.0,10.0,1.0,7.0,3.0,
402,6021501685,1,,1.0,,,,,,
403,1151100070,180,15.0,31.0,15.0,54.0,1.0,32.0,25.0,7.0
404,8856950240,128,14.0,36.0,3.0,36.0,2.0,14.0,15.0,8.0
405,9385200055,1,,,,,,,,1.0
406,7821200390,4,,1.0,,2.0,,,1.0,
407,8078520310,10,1.0,1.0,,2.0,,1.0,2.0,3.0
408,1565950030,156,12.0,31.0,14.0,30.0,3.0,20.0,37.0,9.0
409,1560930070,289,12.0,99.0,9.0,63.0,6.0,41.0,42.0,17.0
410,6700400140,190,17.0,42.0,5.0,47.0,3.0,22.0,33.0,21.0
411,2422029094,50,6.0,16.0,3.0,11.0,,9.0,4.0,1.0
412,1774220160,178,6.0,62.0,3.0,48.0,,16.0,38.0,5.0
413,1525200060,60,5.0,7.0,2.0,13.0,3.0,12.0,10.0,8.0
414,1678400105,1155,78.0,396.0,18.0,240.0,15.0,118.0,169.0,121.0
415,3426059070,57,3.0,17.0,1.0,14.0,1.0,5.0,12.0,4.0
416,824079032,52,4.0,21.0,,5.0,,3.0,13.0,6.0
417,2697100140,1,,,,1.0,,,,
418,8724300030,18,,1.0,,5.0,,6.0,4.0,2.0
419,8678500060,27,1.0,12.0,,7.0,,1.0,6.0,
420,625049299,1,,1.0,,,,,,
421,6073200075,4,,1.0,,1.0,,,2.0,
422,6388900710,61,2.0,18.0,,8.0,,6.0,23.0,4.0
423,1442860160,1171,74.0,249.0,38.0,283.0,20.0,197.0,218.0,92.0
424,7942600310,29,4.0,4.0,3.0,6.0,3.0,5.0,,4.0
425,1545808560,53,4.0,21.0,3.0,6.0,,12.0,7.0,
426,936000060,60,6.0,15.0,1.0,17.0,1.0,3.0,6.0,11.0
427,9808650060,2,,,,1.0,,,1.0,
428,3754700160,435,30.0,64.0,17.0,113.0,9.0,76.0,99.0,27.0
429,305500140,364,31.0,82.0,19.0,99.0,2.0,53.0,66.0,12.0
430,5468750060,16,1.0,6.0,,8.0,,,1.0,
431,2944010240,181,5.0,36.0,3.0,68.0,1.0,23.0,37.0,8.0
432,3454000060,4,1.0,,,,1.0,,,2.0
433,646910160,53,4.0,17.0,1.0,9.0,1.0,3.0,12.0,6.0
434,8564950390,31,4.0,3.0,2.0,12.0,,5.0,3.0,2.0
435,2268400350,8,,3.0,,2.0,,2.0,,1.0
436,7504101040,12,,4.0,,4.0,,1.0,1.0,2.0
437,11500890,31,4.0,3.0,,11.0,,5.0,7.0,1.0
438,9528102772,1,1.0,,,,,,,
439,284000223,266,23.0,74.0,4.0,66.0,3.0,30.0,45.0,21.0
440,3353401710,53,2.0,21.0,1.0,7.0,,13.0,5.0,4.0
441,8159610030,1208,86.0,298.0,20.0,302.0,15.0,148.0,237.0,102.0
442,3179100435,1,,,,,,,,1.0
443,822079033,51,6.0,14.0,2.0,15.0,1.0,6.0,4.0,3.0
444,8857600960,96,3.0,50.0,2.0,14.0,,13.0,6.0,8.0
445,1774000200,627,28.0,119.0,23.0,183.0,4.0,115.0,139.0,16.0
446,2024069128,39,2.0,14.0,1.0,10.0,,1.0,10.0,1.0
447,1049010390,585,62.0,91.0,20.0,150.0,5.0,98.0,140.0,19.0
448,7905370390,371,21.0,59.0,18.0,88.0,8.0,66.0,88.0,23.0
449,4140090240,2,,,,,,,2.0,
450,4055700030,89,1.0,17.0,4.0,23.0,3.0,13.0,28.0,
451,3775300030,59,5.0,9.0,3.0,18.0,1.0,7.0,13.0,3.0
452,2525300030,55,5.0,19.0,2.0,10.0,,12.0,7.0,
453,1324059104,124,6.0,32.0,1.0,27.0,,12.0,40.0,6.0
454,2287000030,0,,,,,,,,
455,7702010030,102,10.0,23.0,2.0,23.0,1.0,13.0,22.0,8.0
456,1529200340,224,25.0,39.0,7.0,54.0,2.0,65.0,27.0,5.0
457,2122039094,48,4.0,16.0,1.0,12.0,,11.0,2.0,2.0
458,1742800030,1559,156.0,479.0,49.0,350.0,36.0,177.0,175.0,137.0
459,1796360350,90,3.0,37.0,4.0,21.0,,11.0,11.0,3.0
460,6154500070,123,7.0,34.0,1.0,25.0,,11.0,41.0,4.0
461,1843100340,52,2.0,21.0,2.0,16.0,,8.0,2.0,1.0
462,8944290160,50,1.0,14.0,1.0,20.0,,7.0,5.0,2.0
463,4166600473,5,,2.0,1.0,1.0,,1.0,,
464,7282300125,2,,,,1.0,,,1.0,
465,8658300340,90,7.0,19.0,1.0,18.0,2.0,25.0,16.0,2.0
466,2419600075,0,,,,,,,,
467,2621760350,72,6.0,27.0,2.0,16.0,,9.0,8.0,4.0
468,1723049270,28,2.0,6.0,3.0,9.0,2.0,2.0,4.0,
469,4123840310,69,9.0,20.0,2.0,15.0,,12.0,10.0,1.0
470,2172000075,1512,212.0,346.0,53.0,406.0,54.0,128.0,135.0,178.0
471,8651611170,1,,,1.0,,,,,
472,8820902200,2,,,,,,1.0,1.0,
473,8651610890,2,,,1.0,,,,1.0,
474,1853080570,2,,1.0,,1.0,,,,
475,3629920030,7,,2.0,,,,2.0,3.0,
476,1604602050,5,,2.0,,1.0,,1.0,,1.0
477,6844700810,1,,1.0,,,,,,
478,66000070,1,1.0,,,,,,,
479,6665800030,3,,,,1.0,,,1.0,1.0
480,2205700350,149,13.0,32.0,1.0,37.0,1.0,21.0,36.0,8.0
481,5466000030,51,1.0,19.0,,18.0,,6.0,7.0,
482,6189200125,1,,,,,,,1.0,
483,9169600135,2,,,,2.0,,,,
484,2625069070,31,3.0,3.0,3.0,11.0,,3.0,7.0,1.0
485,8732131090,10,,2.0,,,,3.0,3.0,2.0
486,9286000240,26,2.0,7.0,,4.0,,2.0,11.0,
487,1895000260,56,6.0,8.0,17.0,10.0,4.0,6.0,5.0,
488,8691370400,17,,9.0,,3.0,,2.0,3.0,
489,5423010350,9,,5.0,,4.0,,,,
490,8562501040,6,1.0,1.0,,2.0,,1.0,1.0,
491,2475200140,26,2.0,9.0,,4.0,,5.0,4.0,2.0
492,7942100310,181,23.0,41.0,13.0,40.0,1.0,40.0,16.0,7.0
493,3760000030,171,11.0,29.0,3.0,42.0,6.0,23.0,46.0,11.0
494,1727500340,346,19.0,56.0,16.0,82.0,9.0,68.0,83.0,13.0
495,9828702519,8,,3.0,,2.0,,2.0,,1.0
496,4432600075,1,,,,,,,,1.0
497,7806300030,95,3.0,50.0,2.0,14.0,,13.0,6.0,7.0
498,9274202270,1,,,,,,,,1.0
499,7852030960,18,3.0,4.0,,6.0,,3.0,2.0,
500,7852170140,10,1.0,3.0,,1.0,,,5.0,
501,7518503335,1,,1.0,,,,,,
502,5467900070,6,,4.0,,1.0,,1.0,,
503,1245002952,12,,2.0,2.0,2.0,,2.0,3.0,1.0
504,8906200070,48,3.0,13.0,,10.0,,2.0,18.0,2.0
505,5379805885,4,,,,1.0,,2.0,,1.0
506,2769600560,1,,1.0,,,,,,
507,9238901420,1,,,,,,1.0,,
508,5113400431,2,,2.0,,,,,,
509,3885805665,14,,4.0,2.0,2.0,,2.0,3.0,1.0
510,8121200810,258,8.0,45.0,4.0,106.0,2.0,25.0,60.0,8.0
511,5126310400,337,15.0,80.0,9.0,72.0,2.0,55.0,78.0,26.0
512,7322910030,117,2.0,34.0,3.0,27.0,2.0,22.0,25.0,2.0
513,2827100070,0,,,,,,,,
514,9276201895,1,,,,,,,,1.0
515,4402700070,1,,,,1.0,,,,
516,1922059046,22,2.0,5.0,1.0,4.0,1.0,6.0,3.0,
517,925059288,3,,1.0,,1.0,,,1.0,
518,4386700135,1,,,,1.0,,,,
519,1923069078,296,22.0,96.0,2.0,56.0,1.0,37.0,64.0,18.0
520,1432400335,270,11.0,75.0,3.0,61.0,1.0,28.0,58.0,33.0
521,1180003090,1150,90.0,364.0,24.0,247.0,25.0,139.0,148.0,113.0
522,726049331,1,,,,1.0,,,,
523,3340401555,3,1.0,,2.0,,,,,
524,7453000070,1771,140.0,192.0,78.0,497.0,70.0,494.0,173.0,127.0
525,4348800030,5,1.0,1.0,2.0,,,,1.0,
526,7202331420,234,15.0,45.0,1.0,71.0,3.0,24.0,69.0,6.0
527,3225079035,35,2.0,14.0,,11.0,,2.0,4.0,2.0
528,6381500700,10,,2.0,1.0,3.0,,1.0,3.0,
529,339500160,93,9.0,19.0,,23.0,,10.0,29.0,3.0
530,1545807610,56,4.0,25.0,3.0,5.0,,12.0,6.0,1.0
531,1843200240,12,,,5.0,3.0,1.0,1.0,2.0,
532,4403600270,1,,1.0,,,,,,
533,2008200060,2,,,1.0,1.0,,,,
534,1521069070,17,,4.0,1.0,7.0,,3.0,1.0,1.0
535,2459500310,638,42.0,154.0,22.0,161.0,4.0,87.0,139.0,29.0
536,6204420070,450,40.0,81.0,18.0,110.0,3.0,48.0,130.0,20.0
537,5694500105,4,,1.0,,2.0,,,1.0,
538,5466410030,7,,5.0,1.0,,,1.0,,
539,9485740340,16,4.0,5.0,2.0,2.0,,1.0,2.0,
540,622049114,0,,,,,,,,
541,2270000070,24,3.0,4.0,,5.0,,5.0,7.0,
542,1310900260,249,12.0,70.0,3.0,50.0,4.0,29.0,58.0,23.0
543,224069094,110,5.0,12.0,9.0,40.0,,18.0,25.0,1.0
544,7800800160,45,,11.0,1.0,21.0,,5.0,4.0,3.0
545,2944000240,117,4.0,29.0,3.0,39.0,1.0,13.0,26.0,2.0
546,4139400710,62,1.0,19.0,,11.0,,5.0,24.0,2.0
547,7899800860,3151,279.0,350.0,137.0,912.0,118.0,758.0,270.0,327.0
548,2473420140,1483,94.0,239.0,42.0,351.0,26.0,353.0,242.0,136.0
549,5000500055,137,17.0,36.0,4.0,31.0,1.0,15.0,15.0,18.0
550,4099500935,0,,,,,,,,
551,1373800295,0,,,,,,,,
552,4025300135,1,,,,,,,1.0,
553,3294700310,23,2.0,8.0,1.0,4.0,,4.0,2.0,2.0
554,8718500075,20,2.0,4.0,1.0,5.0,,2.0,4.0,2.0
555,4309710240,71,3.0,28.0,1.0,20.0,,11.0,7.0,1.0
556,5486800070,0,,,,,,,,
557,236400320,3,,2.0,,,,1.0,,
558,4376700570,4,,1.0,1.0,1.0,,,1.0,
559,8648100200,73,1.0,28.0,2.0,18.0,,10.0,9.0,5.0
560,3624079046,234,28.0,21.0,16.0,63.0,,49.0,45.0,12.0
561,1921069084,140,10.0,58.0,2.0,31.0,,22.0,11.0,6.0
562,6431500140,7,,1.0,,1.0,,,2.0,3.0
563,2725069050,13,2.0,,1.0,4.0,,3.0,3.0,
564,5307100060,36,4.0,8.0,,8.0,,6.0,9.0,1.0
565,7203102050,242,11.0,38.0,4.0,72.0,2.0,46.0,63.0,6.0
566,561000075,984,94.0,261.0,37.0,288.0,31.0,89.0,88.0,96.0
567,2436701180,2,,,,,,,,2.0
568,809002765,0,,,,,,,,
569,4045500710,22,2.0,4.0,,11.0,,3.0,1.0,1.0
570,5104510270,27,6.0,6.0,1.0,5.0,,3.0,5.0,1.0
571,98020350,62,1.0,15.0,4.0,8.0,,6.0,26.0,2.0
572,1714900060,45,3.0,6.0,5.0,15.0,,8.0,3.0,5.0
573,1189000030,17,2.0,4.0,1.0,4.0,1.0,4.0,,1.0
574,2473360060,1709,113.0,293.0,47.0,408.0,27.0,375.0,284.0,162.0
575,222069082,122,2.0,59.0,1.0,19.0,,28.0,8.0,5.0
576,8669160310,47,2.0,11.0,1.0,10.0,1.0,5.0,12.0,5.0
577,1526069135,115,10.0,42.0,2.0,32.0,1.0,10.0,17.0,1.0
578,1088650310,28,4.0,3.0,2.0,10.0,,5.0,2.0,2.0
579,8945200860,10,,2.0,,,,3.0,3.0,2.0
580,7853240200,17,1.0,4.0,,1.0,,,11.0,
581,7511800070,334,24.0,89.0,3.0,81.0,3.0,34.0,67.0,33.0
582,2998800125,0,,,,,,,,
583,3876300310,421,49.0,64.0,16.0,131.0,4.0,70.0,66.0,21.0
584,5419800510,120,11.0,28.0,3.0,41.0,1.0,9.0,17.0,10.0
585,192460060,366,35.0,51.0,19.0,104.0,1.0,59.0,80.0,17.0
586,7942601895,31,4.0,6.0,3.0,6.0,3.0,4.0,,5.0
587,7504010570,0,,,,,,,,
588,1442740140,95,10.0,33.0,3.0,20.0,1.0,14.0,12.0,2.0
589,6909200575,8,2.0,3.0,,,1.0,1.0,,1.0
590,2525069041,110,3.0,39.0,,44.0,,13.0,9.0,2.0
591,3620069036,74,3.0,24.0,,7.0,,4.0,35.0,1.0
592,2781280390,35,4.0,10.0,2.0,10.0,,2.0,7.0,
593,9542830350,45,3.0,8.0,6.0,10.0,,8.0,10.0,
594,1123049053,2871,334.0,739.0,99.0,786.0,87.0,276.0,253.0,297.0
595,8018600765,311,21.0,80.0,10.0,66.0,9.0,31.0,49.0,45.0
596,3278600240,1,1.0,,,,,,,
597,7846200070,150,3.0,16.0,11.0,27.0,1.0,14.0,69.0,9.0
598,662310400,3,,,,,,1.0,2.0,
599,8651100140,5,,2.0,1.0,,,1.0,1.0,
600,8682250350,166,4.0,26.0,4.0,61.0,,34.0,35.0,2.0
601,3211230260,267,12.0,100.0,4.0,55.0,1.0,43.0,37.0,15.0
602,4233400340,9,,6.0,,1.0,,,1.0,1.0
603,7199350340,15,1.0,1.0,,2.0,,3.0,8.0,
604,3904901710,476,20.0,77.0,35.0,163.0,6.0,62.0,107.0,6.0
605,240000058,8,1.0,2.0,,1.0,,1.0,3.0,
606,6865200444,4,,1.0,,2.0,,,1.0,
607,9498200046,24,2.0,1.0,3.0,2.0,3.0,5.0,4.0,4.0
608,1796380960,85,3.0,35.0,4.0,21.0,1.0,8.0,10.0,3.0
609,5631500868,46,2.0,8.0,1.0,12.0,,4.0,12.0,7.0
610,3126049411,12,,1.0,2.0,1.0,,2.0,3.0,3.0
611,2321300390,0,,,,,,,,
612,3905040800,604,30.0,83.0,40.0,193.0,5.0,82.0,160.0,11.0
613,4379400260,14,2.0,,1.0,4.0,,4.0,3.0,
614,5115000160,92,7.0,24.0,3.0,28.0,1.0,8.0,12.0,9.0
615,2826049234,26,4.0,3.0,6.0,2.0,3.0,2.0,5.0,1.0
616,6600700030,34,2.0,9.0,,10.0,,5.0,8.0,
617,3904930240,569,26.0,79.0,39.0,193.0,6.0,78.0,138.0,10.0
618,9407110700,181,13.0,27.0,1.0,57.0,,21.0,55.0,7.0
619,1682500160,58,2.0,15.0,3.0,8.0,,5.0,16.0,9.0
620,8078570390,100,7.0,24.0,3.0,36.0,1.0,10.0,14.0,5.0
621,3010300240,8,1.0,,,3.0,,,1.0,3.0
622,9500900135,34,4.0,3.0,2.0,11.0,,6.0,7.0,1.0
623,461001615,2,,2.0,,,,,,
624,6411600069,22,2.0,2.0,5.0,2.0,3.0,3.0,4.0,1.0
625,7812800565,2796,267.0,824.0,79.0,681.0,72.0,281.0,312.0,280.0
626,7548300731,13,2.0,2.0,3.0,1.0,,1.0,,4.0
627,8925100390,1,,,,,,,1.0,
628,7010700292,2,,2.0,,,,,,
629,9485951170,293,10.0,111.0,9.0,72.0,,43.0,35.0,13.0
630,5437820310,42,3.0,13.0,7.0,5.0,,4.0,9.0,1.0
631,582000135,2,,2.0,,,,,,
632,3204800370,34,4.0,3.0,1.0,5.0,,4.0,15.0,2.0
633,8832900550,2,,1.0,,,,,1.0,
634,9550204515,4,1.0,,,,1.0,,,2.0
635,7199330390,12,1.0,,,2.0,,1.0,8.0,
636,6131600060,3,1.0,,,1.0,,,,1.0
637,5379805460,4,,,,1.0,,2.0,,1.0
638,7212652180,490,33.0,126.0,5.0,98.0,,60.0,109.0,59.0
639,6379500640,1,,,,,,,,1.0
640,4315700060,0,,,,,,,,
641,3329500060,1045,77.0,246.0,21.0,273.0,13.0,122.0,206.0,87.0
642,4140090320,3,,1.0,,,,,2.0,
643,9385200045,1,,,,,,,,1.0
644,7852180340,37,2.0,12.0,2.0,7.0,,5.0,5.0,4.0
645,1545804340,50,4.0,14.0,3.0,7.0,,12.0,10.0,
646,2490200320,1,,,,,,1.0,,
647,2218000335,9,2.0,,,1.0,1.0,1.0,,4.0
648,922049078,6,,1.0,,1.0,,1.0,3.0,
649,2586800270,4682,430.0,731.0,199.0,1231.0,154.0,789.0,521.0,627.0
650,4338800370,21,1.0,2.0,1.0,5.0,,5.0,5.0,2.0
651,7214700350,430,21.0,98.0,13.0,114.0,4.0,88.0,84.0,8.0
652,3226200105,38,6.0,1.0,12.0,6.0,4.0,6.0,3.0,
653,2324039036,9,2.0,,,3.0,,,1.0,3.0
654,7849202231,169,21.0,19.0,13.0,35.0,1.0,29.0,42.0,9.0
655,5196410260,51,2.0,,,6.0,,9.0,34.0,
656,3760500116,109,4.0,25.0,1.0,28.0,2.0,7.0,37.0,5.0
657,2985800030,1,,,,,,,1.0,
658,259900160,3,,1.0,1.0,1.0,,,,
659,708000030,6,1.0,1.0,2.0,,,,2.0,
660,192460310,349,35.0,45.0,19.0,102.0,1.0,56.0,74.0,17.0
661,9412200260,59,1.0,1.0,,7.0,1.0,6.0,41.0,2.0
662,1062100116,0,,,,,,,,
663,6798100662,49,6.0,3.0,12.0,5.0,8.0,8.0,6.0,1.0
664,1775920350,289,19.0,83.0,5.0,87.0,,34.0,54.0,7.0
665,2525500260,139,4.0,28.0,2.0,36.0,1.0,16.0,39.0,13.0
666,6145600041,19,,,3.0,2.0,3.0,4.0,4.0,3.0
667,3300701615,12,2.0,1.0,,1.0,1.0,1.0,2.0,4.0
668,5151600340,22,,5.0,1.0,2.0,1.0,3.0,6.0,4.0
669,7613700521,2,,,,,,,,2.0
670,2710600045,1,,,,,,,,1.0
671,5101405124,45,5.0,3.0,12.0,3.0,10.0,7.0,4.0,1.0
672,6067910030,17,4.0,3.0,1.0,1.0,,3.0,4.0,1.0
673,1959701890,5,,1.0,,1.0,,1.0,,2.0
674,1402200340,1915,114.0,360.0,52.0,461.0,33.0,392.0,328.0,175.0
675,3558900070,38,4.0,4.0,,10.0,2.0,6.0,6.0,6.0
676,7846700310,160,3.0,19.0,11.0,32.0,1.0,17.0,68.0,9.0
677,3348401740,330,30.0,104.0,13.0,87.0,10.0,15.0,26.0,45.0
678,3013300288,1,,,,,,1.0,,
679,7852070060,26,3.0,6.0,,8.0,,,9.0,
680,5029450160,12,,1.0,,,,4.0,5.0,2.0
681,3526069070,64,2.0,13.0,,21.0,,15.0,13.0,
682,5104540240,45,5.0,7.0,1.0,9.0,,9.0,8.0,6.0
683,3438500486,1,1.0,,,,,,,
684,5102400105,36,4.0,2.0,7.0,3.0,9.0,6.0,4.0,1.0
685,2346200030,15,4.0,3.0,1.0,1.0,,3.0,3.0,
686,1321710030,3,,,,,,1.0,2.0,
687,7853290030,53,6.0,13.0,2.0,12.0,,4.0,16.0,
688,1566100400,32,5.0,1.0,8.0,3.0,8.0,5.0,2.0,
689,1775800800,350,22.0,91.0,11.0,105.0,,36.0,78.0,7.0
690,9133600075,928,78.0,306.0,31.0,198.0,21.0,118.0,98.0,78.0
691,5450900060,0,,,,,,,,
692,1402600700,1871,113.0,339.0,50.0,444.0,33.0,384.0,330.0,178.0
693,8024200350,45,5.0,3.0,12.0,3.0,10.0,7.0,4.0,1.0
694,3121500340,138,7.0,34.0,5.0,45.0,1.0,16.0,29.0,1.0
695,7697870860,9,1.0,2.0,1.0,2.0,,3.0,,
696,7527200030,0,,,,,,,,
697,2013200390,1,,,1.0,,,,,
698,766500030,68,3.0,28.0,2.0,15.0,,7.0,10.0,3.0
699,6664000030,0,,,,,,,,
700,9349900105,1,,,,,,1.0,,
701,1895000045,60,,19.0,9.0,10.0,,7.0,10.0,5.0
702,6205500030,0,,,,,,,,
703,7011200260,0,,,,,,,,
704,41000454,1,,,,,,,1.0,
705,7203600550,2,,1.0,,,1.0,,,
706,9477200560,628,61.0,96.0,23.0,150.0,7.0,119.0,141.0,31.0
707,4022907770,2,,,,1.0,,,1.0,
708,5231000060,344,20.0,100.0,11.0,78.0,1.0,49.0,50.0,35.0
709,6055000310,62,1.0,26.0,2.0,11.0,,13.0,6.0,3.0
710,3216900060,292,23.0,63.0,18.0,56.0,4.0,43.0,61.0,24.0
711,7967200060,616,38.0,161.0,10.0,136.0,7.0,77.0,136.0,51.0
712,8077210350,5,,,,1.0,,3.0,1.0,
713,7203000640,23,,6.0,1.0,2.0,1.0,2.0,7.0,4.0
714,2988000070,131,12.0,27.0,4.0,30.0,2.0,16.0,32.0,8.0
715,3832200070,28,,14.0,,3.0,,3.0,5.0,3.0
716,3670500710,1,,,,,,,1.0,
717,8820903380,2,,,,,,1.0,1.0,
718,8820903380,2,,,,,,1.0,1.0,
719,4233400400,7,,4.0,,1.0,,,1.0,1.0
720,3793500550,53,5.0,19.0,2.0,9.0,,11.0,7.0,
721,6431000270,6,,1.0,,1.0,,,1.0,3.0
722,2225059214,0,,,,,,,,
723,7694800270,79,5.0,9.0,,13.0,,11.0,41.0,
724,2171400197,2589,320.0,657.0,97.0,726.0,84.0,241.0,203.0,261.0
725,2473400340,1416,88.0,232.0,40.0,327.0,25.0,343.0,232.0,129.0
726,3530490070,1,,,,1.0,,,,
727,1932300075,4,3.0,,,,,1.0,,
728,2525000510,141,5.0,27.0,2.0,36.0,1.0,18.0,37.0,15.0
729,1853000510,246,4.0,74.0,3.0,63.0,1.0,25.0,66.0,10.0
730,1742800060,1315,108.0,432.0,43.0,287.0,26.0,153.0,149.0,117.0
731,2723089104,174,13.0,31.0,1.0,51.0,,19.0,53.0,6.0
732,2619950350,17,1.0,5.0,,6.0,,3.0,2.0,
733,4021100045,2,,,,1.0,,,1.0,
734,731500200,30,,8.0,,9.0,1.0,5.0,3.0,4.0
735,2591820310,1651,108.0,284.0,57.0,389.0,29.0,376.0,278.0,130.0
736,3626039299,24,2.0,1.0,3.0,2.0,3.0,5.0,4.0,4.0
737,9346980140,158,9.0,42.0,1.0,35.0,1.0,16.0,47.0,7.0
738,6613000140,1,,,,,,,,1.0
739,8159610060,1238,87.0,308.0,21.0,310.0,15.0,152.0,239.0,106.0
740,7830800339,18,2.0,5.0,1.0,4.0,,6.0,,
741,1588600045,16,2.0,2.0,1.0,1.0,1.0,3.0,2.0,4.0
742,826069046,356,23.0,86.0,7.0,104.0,,64.0,64.0,8.0
743,1771000890,505,21.0,96.0,18.0,141.0,3.0,93.0,120.0,13.0
744,3300701170,12,2.0,1.0,,1.0,1.0,1.0,2.0,4.0
745,7340500270,185,18.0,27.0,7.0,40.0,2.0,16.0,65.0,10.0
746,9277200111,1,,,,,,,,1.0
747,293720140,16,,1.0,,9.0,,2.0,3.0,1.0
748,579003610,6,2.0,1.0,,,1.0,1.0,,1.0
749,1138020200,253,14.0,34.0,7.0,55.0,10.0,59.0,61.0,13.0
750,3432500200,0,,,,,,,,
751,1563102435,8,1.0,,,3.0,,,1.0,3.0
752,3959400710,23,3.0,3.0,4.0,6.0,,2.0,1.0,4.0
753,8682300890,124,4.0,23.0,1.0,50.0,,15.0,29.0,2.0
754,4385700765,1,,,,1.0,,,,
755,5149300200,5,,1.0,,3.0,,1.0,,
756,9323600060,4,,4.0,,,,,,
757,9273200140,1,,,,,,,,1.0
758,9542300320,0,,,,,,,,
759,770000045,145,4.0,46.0,10.0,27.0,,15.0,24.0,19.0
760,6979900390,125,3.0,46.0,1.0,46.0,,16.0,12.0,1.0
761,6379500159,1,,,,,,,,1.0
762,826079094,27,1.0,12.0,1.0,7.0,,5.0,1.0,
763,8856940060,45,4.0,14.0,3.0,7.0,,11.0,6.0,
764,2972300060,29,5.0,5.0,,8.0,,5.0,5.0,1.0
765,3575200070,0,,,,,,,,
766,8146100270,4,1.0,1.0,2.0,,,,,
767,8648200030,92,2.0,34.0,4.0,24.0,,11.0,12.0,5.0
768,208500160,0,,,,,,,,
769,1196003428,2,,1.0,,1.0,,,,
770,5104450990,895,55.0,159.0,23.0,204.0,12.0,238.0,135.0,69.0
771,3343901234,43,4.0,11.0,,8.0,,7.0,11.0,2.0
772,226039214,1,,,,,,,1.0,
773,1623300160,1,,1.0,,,,,,
774,2205500575,173,14.0,37.0,1.0,41.0,1.0,24.0,45.0,10.0
775,4040800810,1,,1.0,,,,,,
776,2612000390,11,1.0,3.0,4.0,1.0,,1.0,1.0,
777,3814400125,18,2.0,4.0,2.0,4.0,1.0,4.0,,1.0
778,7300400060,15,2.0,3.0,1.0,3.0,,5.0,1.0,
779,1954700695,2,,,,,,1.0,,1.0
780,7230200340,535,26.0,157.0,25.0,113.0,3.0,86.0,100.0,25.0
781,3191000240,299,15.0,45.0,12.0,69.0,10.0,62.0,77.0,9.0
782,1139000069,19,,,3.0,2.0,3.0,4.0,4.0,3.0
783,5693500270,4,,1.0,,2.0,,,1.0,
784,686500030,1,,,1.0,,,,,
785,8731901940,10,,2.0,,,,3.0,3.0,2.0
786,2688100071,16,2.0,2.0,1.0,1.0,1.0,3.0,2.0,4.0
787,2423069155,185,2.0,74.0,,42.0,1.0,33.0,25.0,8.0
788,2329500260,4,,1.0,,1.0,,2.0,,
789,2608300030,1143,81.0,82.0,59.0,312.0,46.0,408.0,87.0,68.0
790,1494300060,65,3.0,9.0,,13.0,,10.0,30.0,
791,7504101230,12,,4.0,,4.0,,1.0,1.0,2.0
792,8081020370,28,2.0,5.0,,4.0,,2.0,15.0,
793,1446800511,997,89.0,200.0,45.0,221.0,27.0,111.0,146.0,158.0
794,1623049062,3,1.0,1.0,,,,,1.0,
795,6145601000,19,,,3.0,2.0,3.0,4.0,4.0,3.0
796,205000520,53,3.0,18.0,,21.0,,3.0,7.0,1.0
797,3885805935,12,,2.0,2.0,2.0,,2.0,3.0,1.0
798,7852020640,6,2.0,,,2.0,,1.0,1.0,
799,6838800140,365,14.0,89.0,8.0,107.0,,38.0,95.0,14.0
800,4083305445,0,,,,,,,,
801,7855801610,43,4.0,13.0,,9.0,,7.0,7.0,3.0
802,7940700260,276,13.0,35.0,14.0,61.0,7.0,61.0,66.0,19.0
803,8854100350,96,9.0,23.0,1.0,24.0,1.0,10.0,22.0,6.0
804,4365200860,962,72.0,110.0,43.0,293.0,26.0,240.0,102.0,76.0
805,3904980030,604,30.0,86.0,43.0,202.0,5.0,82.0,146.0,10.0
806,7843500070,365,24.0,94.0,33.0,95.0,1.0,70.0,34.0,14.0
807,6067900060,16,4.0,3.0,1.0,1.0,,3.0,3.0,1.0
808,7202340960,170,10.0,36.0,4.0,57.0,1.0,17.0,39.0,6.0
809,1786640070,85,3.0,37.0,,23.0,,12.0,10.0,
810,259600260,1,,,1.0,,,,,
811,7234600903,26,4.0,4.0,2.0,5.0,3.0,4.0,,4.0
812,4307350200,29,2.0,9.0,,4.0,,5.0,8.0,1.0
813,3276930400,233,11.0,31.0,14.0,59.0,,30.0,81.0,7.0
814,4045100075,0,,,,,,,,
815,1421069208,10,,4.0,1.0,2.0,,,2.0,1.0
816,4057300200,590,28.0,85.0,39.0,196.0,6.0,81.0,146.0,9.0
817,1922059135,21,2.0,5.0,1.0,4.0,,6.0,3.0,
818,5014600240,16,4.0,3.0,1.0,1.0,,3.0,3.0,1.0
819,1565900070,106,9.0,25.0,6.0,22.0,2.0,13.0,17.0,12.0
820,3121059033,1,,,,1.0,,,,
821,6799300270,79,7.0,20.0,3.0,25.0,1.0,8.0,7.0,8.0
822,2021200370,0,,,,,,,,
823,726049190,1,,,,1.0,,,,
824,726049190,1,,,,1.0,,,,
825,4006000251,46,9.0,4.0,11.0,8.0,4.0,6.0,3.0,1.0
826,3362400640,1,,1.0,,,,,,
827,1610000016,3,1.0,,,,,,2.0,
828,7376300060,1,,,1.0,,,,,
829,7300200550,3,,2.0,,1.0,,,,
830,2061100570,11,2.0,,,2.0,3.0,2.0,2.0,
831,8856890200,415,23.0,122.0,9.0,108.0,2.0,59.0,68.0,24.0
832,8731951670,3,1.0,1.0,,,,,,1.0
833,4037200075,1,,1.0,,,,,,
834,5066400483,485,28.0,134.0,13.0,102.0,9.0,86.0,81.0,32.0
835,4167300310,5,,1.0,,3.0,,1.0,,
836,8682262400,140,4.0,24.0,3.0,54.0,,14.0,39.0,2.0
837,8682262400,140,4.0,24.0,3.0,54.0,,14.0,39.0,2.0
838,6777800160,31,,16.0,,4.0,,3.0,5.0,3.0
839,1402950550,11,2.0,,1.0,3.0,,1.0,3.0,1.0
840,2843200070,470,70.0,88.0,12.0,101.0,2.0,59.0,68.0,70.0
841,6450303785,1,,,,1.0,,,,
842,9429500045,101,3.0,29.0,1.0,18.0,,11.0,33.0,6.0
843,1443300140,67,4.0,23.0,1.0,24.0,,6.0,5.0,4.0
844,108000127,23,2.0,,3.0,2.0,3.0,5.0,4.0,4.0
845,1081300200,530,26.0,152.0,26.0,107.0,3.0,83.0,107.0,26.0
846,8818900060,4,1.0,,,,1.0,,,2.0
847,3395050060,50,5.0,8.0,3.0,14.0,1.0,5.0,12.0,2.0
848,7197350070,52,3.0,1.0,,5.0,,9.0,34.0,
849,9510900270,10,,2.0,,,,3.0,3.0,2.0
850,3905081070,534,29.0,69.0,38.0,162.0,5.0,80.0,140.0,11.0
851,2322069114,132,7.0,35.0,9.0,32.0,1.0,23.0,16.0,9.0
852,5637500070,1,1.0,,,,,,,
853,4164100160,89,6.0,21.0,,21.0,1.0,12.0,22.0,6.0
854,4136890260,1,,,,1.0,,,,
855,3056800160,582,28.0,155.0,33.0,104.0,5.0,98.0,118.0,41.0
856,3654800200,168,25.0,50.0,5.0,42.0,2.0,19.0,20.0,5.0
857,2296500036,8,1.0,4.0,,,,2.0,,1.0
858,623069068,140,8.0,33.0,,18.0,,13.0,65.0,3.0
859,1865820370,63,6.0,26.0,,9.0,,13.0,6.0,3.0
860,1723049033,15,1.0,2.0,1.0,4.0,1.0,2.0,4.0,
861,2359300030,2,,,,,,,,2.0
862,6403310060,29,2.0,12.0,,10.0,1.0,1.0,3.0,
863,1937300270,23,4.0,3.0,2.0,3.0,3.0,2.0,,6.0
864,4137050060,1,,,,1.0,,,,
865,2310000240,50,5.0,18.0,3.0,7.0,,11.0,6.0,
866,3955900830,26,2.0,9.0,,3.0,,4.0,6.0,2.0
867,8665050060,640,30.0,91.0,44.0,208.0,6.0,86.0,165.0,10.0
868,3330500875,8,1.0,,3.0,1.0,,2.0,,1.0
869,3327020400,26,2.0,4.0,1.0,7.0,,1.0,5.0,6.0
870,1250700060,8,2.0,3.0,,,1.0,1.0,,1.0
871,4039300400,1,,,,,,,,1.0
872,6665800060,3,,,,1.0,,,1.0,1.0
873,7504110030,18,,7.0,,4.0,1.0,3.0,1.0,2.0
874,7805450810,45,1.0,12.0,,11.0,,3.0,17.0,1.0
875,6306400140,2,,,1.0,1.0,,,,
876,8802400416,157,14.0,34.0,2.0,29.0,3.0,23.0,31.0,21.0
877,6204400270,445,37.0,81.0,14.0,101.0,5.0,69.0,119.0,19.0
878,9536602080,25,,8.0,,4.0,,1.0,8.0,4.0
879,3826000070,189,20.0,48.0,4.0,39.0,1.0,25.0,25.0,27.0
880,5101405335,41,5.0,3.0,8.0,3.0,10.0,7.0,4.0,1.0
881,2349300060,9,2.0,,,3.0,,,1.0,3.0
882,7749500370,56,2.0,8.0,6.0,12.0,1.0,5.0,16.0,6.0
883,2436701200,2,,,,,,,,2.0
884,7871500070,0,,,,,,,,
885,3323500030,0,,,,,,,,
886,2110200036,12,2.0,3.0,,2.0,1.0,3.0,,1.0
887,510002519,8,1.0,1.0,,2.0,1.0,,1.0,2.0
888,1387300070,551,55.0,86.0,22.0,133.0,4.0,91.0,137.0,23.0
889,9465910070,389,37.0,52.0,18.0,92.0,3.0,75.0,99.0,13.0
890,2324800070,70,5.0,21.0,2.0,23.0,1.0,8.0,10.0,
891,1962200435,8,1.0,1.0,,1.0,1.0,1.0,,3.0
892,8562890700,64,2.0,26.0,2.0,22.0,,8.0,3.0,1.0
893,3298700946,3821,335.0,497.0,152.0,1061.0,136.0,823.0,364.0,453.0
894,880000189,1799,164.0,170.0,88.0,505.0,78.0,500.0,165.0,129.0
895,643500030,2,,,,,,,1.0,1.0
896,8566100200,1,,1.0,,,,,,
897,4298100240,130,11.0,40.0,6.0,41.0,,16.0,15.0,1.0
898,3275780030,8,1.0,2.0,,3.0,,1.0,1.0,
899,8648220270,131,4.0,49.0,2.0,33.0,,19.0,17.0,7.0
900,1923000160,0,,,,,,,,
901,7574910860,155,11.0,43.0,2.0,46.0,,27.0,24.0,2.0
902,2296500136,0,,,,,,,,
903,3278600710,1,1.0,,,,,,,
904,2460700260,254,13.0,59.0,4.0,60.0,,39.0,59.0,20.0
905,3188100400,22,3.0,1.0,5.0,2.0,5.0,4.0,2.0,
906,9406520830,49,4.0,17.0,2.0,9.0,,10.0,7.0,
907,3387900390,75,8.0,21.0,2.0,16.0,1.0,10.0,9.0,8.0
908,1596600024,28,4.0,4.0,5.0,5.0,,4.0,1.0,5.0
909,7625701891,8,1.0,,,3.0,,,1.0,3.0
910,3224800075,9,2.0,3.0,,3.0,,,1.0,
911,7526800200,5,,1.0,2.0,1.0,,,1.0,
912,3329530200,536,41.0,126.0,14.0,129.0,6.0,59.0,110.0,51.0
913,2115200125,12,3.0,1.0,2.0,3.0,,3.0,,
914,6623400135,148,11.0,31.0,14.0,27.0,3.0,20.0,35.0,7.0
915,103000116,3,1.0,,,,,,,2.0
916,2768301525,4,,1.0,,2.0,,,1.0,
917,739980260,227,21.0,56.0,5.0,43.0,4.0,27.0,42.0,29.0
918,4302200695,1796,168.0,170.0,89.0,502.0,80.0,502.0,153.0,132.0
919,1431700370,220,9.0,51.0,3.0,53.0,,35.0,52.0,17.0
920,7524000030,1,,,,1.0,,,,
921,4046500320,107,5.0,28.0,3.0,25.0,,14.0,31.0,1.0
922,4325000125,3,,,,1.0,,1.0,,1.0
923,3456000160,0,,,,,,,,
924,9297301580,9,1.0,,,3.0,,1.0,1.0,3.0
925,2465400036,0,,,,,,,,
926,5412200270,202,17.0,50.0,5.0,49.0,3.0,24.0,32.0,22.0
927,1109000390,30,7.0,,9.0,3.0,4.0,4.0,2.0,1.0
928,8730000270,20,1.0,1.0,6.0,2.0,2.0,3.0,5.0,
929,7937600830,164,14.0,53.0,,47.0,,25.0,13.0,12.0
930,3395070640,50,10.0,5.0,11.0,9.0,4.0,7.0,3.0,1.0
931,8663280160,125,11.0,12.0,6.0,29.0,6.0,17.0,24.0,20.0
932,6151800624,254,23.0,54.0,30.0,57.0,1.0,55.0,25.0,9.0
933,8594400370,147,8.0,57.0,2.0,38.0,1.0,22.0,12.0,7.0
934,2301400640,1,,1.0,,,,,,
935,4441300240,0,,,,,,,,
936,7714000070,25,2.0,9.0,1.0,5.0,,4.0,3.0,1.0
937,3432500486,0,,,,,,,,
938,5466420030,10,,6.0,1.0,1.0,,2.0,,
939,1324079046,36,1.0,11.0,,6.0,,1.0,17.0,
940,2768301715,4,,1.0,,2.0,,,1.0,
941,3332000135,8,1.0,,3.0,1.0,,2.0,,1.0
942,65000400,1,1.0,,,,,,,
943,8820901670,3,,1.0,,,,1.0,1.0,
944,8712100575,2,,1.0,,,,,,1.0
945,6116500341,46,5.0,13.0,,12.0,1.0,3.0,3.0,9.0
946,4167300030,5,,1.0,,3.0,,1.0,,
947,2925059135,4,1.0,,1.0,,,,2.0,
948,7708300140,227,17.0,19.0,20.0,49.0,1.0,37.0,73.0,11.0
949,4139430340,19,,,,2.0,,1.0,16.0,
950,3812400070,10,2.0,,4.0,,,2.0,,2.0
951,9455200445,2,,1.0,,,,1.0,,
952,6203000160,2,,,,1.0,,,,1.0
953,7517500611,4,,1.0,,2.0,,,1.0,
954,8691300860,30,,8.0,2.0,5.0,,2.0,12.0,1.0
955,5489200435,1,,,,,,1.0,,
956,510002065,4,1.0,,,,1.0,,,2.0
957,252000400,55,4.0,21.0,4.0,6.0,,12.0,7.0,1.0
958,7279300070,1,,,,,,,1.0,
959,8113101670,7,1.0,,3.0,,,2.0,,1.0
960,7578200310,9,1.0,,,3.0,,1.0,1.0,3.0
961,7715800570,0,,,,,,,,
962,6852700478,10,,4.0,1.0,3.0,,1.0,1.0,
963,1917300260,94,6.0,22.0,6.0,18.0,2.0,11.0,17.0,12.0
964,4298100070,127,11.0,39.0,6.0,40.0,,16.0,14.0,1.0
965,1842000140,1524,138.0,215.0,50.0,412.0,46.0,236.0,185.0,242.0
966,5462100240,1089,81.0,268.0,19.0,268.0,16.0,136.0,220.0,81.0
967,8651520510,44,4.0,13.0,,10.0,,3.0,12.0,2.0
968,3578110200,348,23.0,52.0,17.0,86.0,8.0,66.0,82.0,14.0
969,7555210340,3,,,,1.0,,,1.0,1.0
970,2313900510,9,1.0,,,3.0,,1.0,1.0,3.0
971,2009001600,0,,,,,,,,
972,1455100116,10,,2.0,1.0,3.0,,1.0,3.0,
973,3629790160,30,1.0,9.0,,4.0,,5.0,9.0,2.0
974,1778350070,47,2.0,14.0,1.0,11.0,,1.0,17.0,1.0
975,1703050200,16,2.0,6.0,,2.0,,4.0,2.0,
976,5469700570,42,,12.0,1.0,18.0,,4.0,4.0,3.0
977,100600860,11,,2.0,,,,3.0,3.0,3.0
978,421049116,669,52.0,190.0,13.0,154.0,6.0,79.0,117.0,58.0
979,3205200640,29,4.0,,,5.0,,3.0,15.0,2.0
980,8899200570,7,2.0,2.0,2.0,,,,1.0,
981,1777500160,159,9.0,42.0,1.0,37.0,1.0,17.0,45.0,7.0
982,7853340860,36,8.0,11.0,2.0,3.0,,1.0,9.0,2.0
983,1862400132,15,2.0,1.0,1.0,1.0,1.0,3.0,2.0,4.0
984,6380500135,12,,,3.0,1.0,2.0,4.0,2.0,
985,9528104108,1,1.0,,,,,,,
986,2571910160,31,3.0,16.0,2.0,5.0,,2.0,1.0,2.0
987,316000160,517,71.0,100.0,14.0,112.0,2.0,66.0,76.0,76.0
988,2695600505,209,6.0,2.0,6.0,30.0,7.0,139.0,15.0,4.0
989,3904910320,579,29.0,82.0,39.0,191.0,6.0,81.0,141.0,10.0
990,4100000140,7,1.0,2.0,,1.0,,1.0,2.0,
991,3226049270,30,3.0,1.0,6.0,3.0,8.0,5.0,3.0,1.0
992,1455600030,10,,2.0,1.0,3.0,,1.0,3.0,
993,5559600140,5,,,,1.0,,4.0,,
994,5147600105,4819,442.0,776.0,205.0,1253.0,155.0,799.0,539.0,650.0
995,7437100570,19,1.0,6.0,2.0,3.0,,3.0,3.0,1.0
996,8856004730,150,10.0,50.0,2.0,24.0,2.0,22.0,24.0,16.0
997,3856902996,5,2.0,,,,1.0,,,2.0
998,1442800370,102,12.0,35.0,3.0,19.0,1.0,18.0,12.0,2.0
999,8001400340,631,51.0,162.0,15.0,143.0,5.0,86.0,109.0,60.0
